{
  "test/flpSandbox.html": 1711636543755,
  "test/testsuite.qunit.js": 1711636543763,
  "test/integration/pages/Risks1List.js": 1711636543807,
  "test/integration/opaTests.qunit.js": 1711636543791,
  "test/integration/FirstJourney.js": 1711636543815,
  "test/integration/pages/Risks1ObjectPage.js": 1711636543807,
  "xs-app.json": 1712323363065,
  "manifest.json": 1712323363085,
  "Component.js": 1711636543323,
  "test/integration/pages/Risks1ObjectPage-dbg.js": 1711636543807,
  "test/integration/pages/Risks1ObjectPage.js.map": 1712323380401,
  "test/integration/pages/Risks1List-dbg.js": 1711636543807,
  "test/integration/pages/Risks1List.js.map": 1712323380399,
  "test/integration/opaTests.qunit-dbg.js": 1711636543791,
  "test/integration/opaTests.qunit.js.map": 1712323380398,
  "test/integration/FirstJourney-dbg.js": 1711636543815,
  "test/integration/FirstJourney.js.map": 1712323380405,
  "test/testsuite.qunit-dbg.js": 1711636543763,
  "test/testsuite.qunit.js.map": 1712323380405,
  "Component-dbg.js": 1711636543323,
  "Component.js.map": 1712323380402,
  "Component-preload.js": 1712323380501,
  "Component-preload.js.map": 1712323380501,
  "test/integration/opaTests.qunit.html": 1711636543791,
  "test/testsuite.qunit.html": 1711636543755,
  "i18n/i18n.properties": 1711636593515,
  "index.html": 1711636543327
}